﻿designator,quantity,value,pack,mpn,mount_type
C1,1,C_Polarized,CP_EIA-3216-10_Kemet-I_Pad1.58x1.35mm_HandSolder,,smt
C2,1,C_Polarized,CP_Elec_6.3x7.7,,smt
C3,1,C,C_1206_3216Metric_Pad1.33x1.80mm_HandSolder,,smt
"H1, H2, H3, H4",4,MountingHole,MountingHole_3.2mm_M3,,tht
J1,1,Conn_01x08_Socket,IDC-Header_2x04_P2.54mm_Horizontal,,tht
"Q1, Q2, Q3, Q4, Q5, Q6, Q7, Q8",8,2N7002,SOT-23,,smt
"R1, R2, R3, R4, R5, R6, R7",7,150,R_1206_3216Metric_Pad1.30x1.75mm_HandSolder,,smt
R8,1,10K,R_1206_3216Metric_Pad1.30x1.75mm_HandSolder,,smt
"U1, U2, U3, U4",4,DA04-11GWA,DA04-11CGKWA,,tht
U5,1,74HC595,SOIC-16_3.9x9.9mm_P1.27mm,,smt
U6,1,ULN2803A,SOIC-18W_7.5x11.6mm_P1.27mm,,smt
U7,1,4017,SOIC-16_3.9x9.9mm_P1.27mm,,smt
