﻿pos_x,pos_y,rotation,side,designator,mpn,pack,value,mount_type,place
109.982,-111.506,0.0,bottom,C1,,CP_EIA-3216-10_Kemet-I_Pad1.58x1.35mm_HandSolder,C_Polarized,smt,True
123.35,-86.36,180.0,bottom,C2,,CP_Elec_6.3x7.7,C_Polarized,smt,True
109.962,-114.554,0.0,bottom,C3,,C_1206_3216Metric_Pad1.33x1.80mm_HandSolder,C,smt,True
110.1427,-86.2141,0.0,top,H1,,MountingHole_3.2mm_M3,MountingHole,tht,True
187.1427,-86.2141,0.0,top,H2,,MountingHole_3.2mm_M3,MountingHole,tht,True
110.1427,-121.2141,0.0,top,H3,,MountingHole_3.2mm_M3,MountingHole,tht,True
187.1427,-121.2141,0.0,top,H4,,MountingHole_3.2mm_M3,MountingHole,tht,True
120.1507,-111.252,-90.0,bottom,J1,,IDC-Header_2x04_P2.54mm_Horizontal,Conn_01x08_Socket,tht,True
115.7455,-102.616,180.0,bottom,Q1,,SOT-23,2N7002,smt,True
119.8095,-102.616,180.0,bottom,Q2,,SOT-23,2N7002,smt,True
135.3035,-102.616,180.0,bottom,Q3,,SOT-23,2N7002,smt,True
139.7785,-102.616,180.0,bottom,Q4,,SOT-23,2N7002,smt,True
149.0495,-111.821,180.0,top,Q5,,SOT-23,2N7002,smt,True
160.7035,-102.616,180.0,bottom,Q6,,SOT-23,2N7002,smt,True
176.4515,-102.616,180.0,bottom,Q7,,SOT-23,2N7002,smt,True
177.1165,-110.998,180.0,top,Q8,,SOT-23,2N7002,smt,True
126.238,-96.52,0.0,bottom,R1,,R_1206_3216Metric_Pad1.30x1.75mm_HandSolder,150,smt,True
141.478,-96.52,0.0,bottom,R2,,R_1206_3216Metric_Pad1.30x1.75mm_HandSolder,150,smt,True
186.69,-110.236,180.0,top,R3,,R_1206_3216Metric_Pad1.30x1.75mm_HandSolder,150,smt,True
140.69,-115.57,0.0,top,R4,,R_1206_3216Metric_Pad1.30x1.75mm_HandSolder,150,smt,True
156.845,-110.617,0.0,top,R5,,R_1206_3216Metric_Pad1.30x1.75mm_HandSolder,150,smt,True
161.29,-88.138,180.0,top,R6,,R_1206_3216Metric_Pad1.30x1.75mm_HandSolder,150,smt,True
186.69,-96.52,180.0,bottom,R7,,R_1206_3216Metric_Pad1.30x1.75mm_HandSolder,150,smt,True
148.336,-118.11,90.0,bottom,R8,,R_1206_3216Metric_Pad1.30x1.75mm_HandSolder,10K,smt,True
109.4486,-105.5457,90.0,top,U1,,DA04-11CGKWA,DA04-11GWA,tht,True
129.7686,-105.5457,90.0,top,U2,,DA04-11CGKWA,DA04-11GWA,tht,True
150.0886,-105.5457,90.0,top,U3,,DA04-11CGKWA,DA04-11GWA,tht,True
170.4086,-105.5457,90.0,top,U4,,DA04-11CGKWA,DA04-11GWA,tht,True
166.816,-116.078,180.0,top,U5,,SOIC-16_3.9x9.9mm_P1.27mm,74HC595,smt,True
177.292,-116.713,0.0,bottom,U6,,SOIC-18W_7.5x11.6mm_P1.27mm,ULN2803A,smt,True
141.159,-115.189,0.0,bottom,U7,,SOIC-16_3.9x9.9mm_P1.27mm,4017,smt,True
